{"weights": [[[-1.441871731922463, 4.248064443585363, -4.538436651253166, -4.332071784726289], [-0.21747651841920443, 0.38271372723826524, -7.86035312349137e-05, 2.129336076235678], [-0.05154795719609486, 2.0511798127283023, -1.0524853981804725, -2.1339046453864823], [0.15528118242776945, -0.9697858772866744, 0.9583072270137064, -2.839986887761824], [1.865210145289666, -2.968230585002295, 3.397294174098427, 3.8710413458572153], [-0.07342219471875201, 3.098676355723218, -1.0893201278874454, -2.712112466797363]], [[3.5672933536029987, -2.383441924500127, 2.603989565632282, 0.581315877054699, -3.8739246642597966, 3.069405454176069], [-6.217572612515457, -6.310508748433456, 2.1894402945443656, 5.673434218432568, 3.0746738087137118, 2.0106104620350664], [-5.5146677971461635, 3.4424528277089257, -6.320346805187976, -5.9768087976042645, 1.5109346346510713, -7.78701649676578]]], "mins": [4.3, 2.0, 1.0, 0.1], "maxs": [7.9, 4.4, 6.9, 2.5]}