{"weights": [[[0.12276409473691818, -0.329702566440337, -0.12513963115580173, -0.8271571600203298], [0.5557696328435419, -3.0470066329589245, -0.1681966068636265, 1.9812322890412397], [-1.0042255941471196, -0.14344826217950532, 1.054719244717951, 1.0325180311493631], [-2.513198149519373, 2.830737805023658, 1.916249138536268, -1.9871107171779943], [0.7964020816463551, -0.365283497098421, -0.7853618289654919, -0.03521121339489915], [0.7092455506527986, -1.2520340054221262, -4.793775089194788, 5.028319317010493]], [[0.1725775165066552, -0.30826215988865735, -0.43147110776487396, 0.7250572173539406, 0.07812703311093126, 0.5001027175452313], [0.5141135917043971, -0.605521322927204, 1.068840686250596, -0.003263880721632924, 0.2728863490856112, -2.223364625275583], [-0.09632034303442794, 0.06399685150252497, 0.7023322023487468, -2.4255611607015357, 0.6383955929487473, 0.31075908319332507]]], "mins": [4.3, 2.0, 1.0, 0.1], "maxs": [7.9, 4.4, 6.9, 2.5], "classes": ["Iris-setosa", "Iris-versicolor", "Iris-virginica"]}